timestamp,cpu_percent,memory_percent,memory_used_gb,net_sent_mb,net_recv_mb
2025-11-27T14:35:32.402326,0.0,39.3,4.7045745849609375,0.0,0.0
2025-11-27T14:35:33.461457,17.6,41.5,5.061431884765625,0.1689453125,3.130859375
2025-11-27T14:35:34.467262,15.0,76.0,10.55914306640625,0.0302734375,3.4833984375
2025-11-27T14:35:35.471113,16.8,85.1,10.650161743164062,0.0322265625,4.158203125
2025-11-27T14:35:36.472838,12.8,84.4,10.767181396484375,0.0361328125,4.1552734375
2025-11-27T14:35:37.478413,12.9,84.6,10.769012451171875,0.8896484375,4.4189453125
2025-11-27T14:35:38.478896,7.0,84.7,10.70538330078125,0.345703125,3.1201171875
2025-11-27T14:35:39.482470,14.7,85.4,10.636306762695312,0.0283203125,2.9912109375
2025-11-27T14:35:40.483161,20.1,85.5,10.568161010742188,0.052734375,2.7275390625
2025-11-27T14:35:41.488841,10.2,84.8,10.664810180664062,0.02734375,3.0224609375
2025-11-27T14:35:42.490510,10.4,85.0,10.709091186523438,0.0234375,2.7255859375
2025-11-27T14:35:43.494035,5.9,84.9,10.695816040039062,0.021484375,2.216796875
2025-11-27T14:35:44.498198,9.5,84.9,10.710418701171875,0.037109375,2.73828125
2025-11-27T14:35:45.503477,26.1,84.8,10.728652954101562,0.291015625,3.1298828125
2025-11-27T14:35:46.507978,16.4,84.7,10.720748901367188,0.6142578125,2.705078125
2025-11-27T14:35:47.509552,16.2,84.2,10.659255981445312,0.2890625,3.0693359375
2025-11-27T14:35:48.511575,7.9,84.1,10.661117553710938,0.0244140625,2.5966796875
2025-11-27T14:35:49.512470,5.7,84.2,10.670486450195312,0.052734375,3.56640625
2025-11-27T14:35:50.517728,3.9,84.2,10.674728393554688,0.029296875,3.1669921875
2025-11-27T14:35:51.522497,6.1,84.2,10.679244995117188,0.033203125,3.2138671875
2025-11-27T14:35:52.524373,9.0,84.2,10.684188842773438,0.0224609375,1.9326171875
2025-11-27T14:35:53.524979,7.6,83.7,10.6029052734375,0.025390625,2.2265625
2025-11-27T14:35:54.526530,10.6,84.2,10.6871337890625,0.0263671875,2.6279296875
2025-11-27T14:35:55.527633,5.9,84.3,10.696609497070312,0.0244140625,2.298828125
2025-11-27T14:35:56.528568,4.1,84.1,10.675537109375,0.0224609375,2.4013671875
2025-11-27T14:35:57.533273,5.6,84.4,10.72015380859375,0.0703125,2.3134765625
2025-11-27T14:35:58.535019,6.6,84.3,10.7005615234375,0.025390625,2.2587890625
2025-11-27T14:35:59.536122,7.0,84.2,10.688400268554688,0.02734375,3.0146484375
2025-11-27T14:36:00.537387,6.9,84.4,10.728851318359375,0.0263671875,2.8310546875
2025-11-27T14:36:01.542821,5.0,84.4,10.732391357421875,0.0244140625,2.546875
2025-11-27T14:36:02.547350,4.3,84.3,10.718353271484375,0.0263671875,3.02734375
2025-11-27T14:36:03.548476,8.9,84.4,10.733367919921875,0.033203125,3.1865234375
2025-11-27T14:36:04.551595,7.5,84.4,10.738113403320312,0.02734375,2.8583984375
2025-11-27T14:36:05.555413,5.3,84.4,10.734771728515625,0.0205078125,2.0810546875
2025-11-27T14:36:06.555973,11.8,84.3,10.760482788085938,0.9765625,3.3310546875
2025-11-27T14:36:07.559061,8.6,84.3,10.755294799804688,0.359375,2.453125
2025-11-27T14:36:08.559468,8.5,83.7,10.655593872070312,0.025390625,2.9912109375
2025-11-27T14:36:09.562156,4.8,83.6,10.63397216796875,0.341796875,3.1162109375
2025-11-27T14:36:10.567459,6.4,83.1,10.569656372070312,0.0234375,2.6162109375
2025-11-27T14:36:11.567813,6.0,83.7,10.664871215820312,0.0263671875,2.939453125
2025-11-27T14:36:12.570876,3.9,83.6,10.643081665039062,0.0185546875,2.177734375
2025-11-27T14:36:13.576259,4.9,83.7,10.670806884765625,0.0263671875,2.3125
2025-11-27T14:36:14.578266,5.0,83.7,10.676193237304688,0.021484375,2.2119140625
2025-11-27T14:36:15.578964,6.4,83.6,10.65582275390625,0.0244140625,2.66796875
2025-11-27T14:36:16.580242,9.6,84.2,10.804351806640625,0.158203125,2.525390625
2025-11-27T14:36:17.586268,9.8,83.8,10.7340087890625,0.0205078125,2.0341796875
2025-11-27T14:36:18.591572,11.3,84.0,10.78857421875,0.0439453125,2.83203125
2025-11-27T14:36:19.594192,5.1,84.0,10.800079345703125,0.0263671875,2.6923828125
2025-11-27T14:36:20.595405,11.6,84.1,10.802886962890625,0.15625,3.109375
2025-11-27T14:36:21.600037,5.2,84.1,10.810134887695312,0.0224609375,2.0810546875
2025-11-27T14:36:22.605400,3.8,84.1,10.796859741210938,0.029296875,3.1748046875
2025-11-27T14:36:23.607306,7.6,84.1,10.802383422851562,0.0302734375,2.1650390625
2025-11-27T14:36:24.613081,11.8,83.6,10.71990966796875,0.15625,2.8671875
2025-11-27T14:36:25.618141,20.0,83.7,10.755889892578125,1.0234375,3.01953125
2025-11-27T14:36:26.620270,8.7,83.6,10.750701904296875,0.0224609375,2.39453125
2025-11-27T14:36:27.624847,6.1,84.1,10.820816040039062,0.0517578125,3.2080078125
2025-11-27T14:36:28.625237,4.5,83.8,10.778289794921875,0.029296875,2.7978515625
2025-11-27T14:36:29.630552,7.8,84.0,10.8011474609375,0.3671875,2.935546875
2025-11-27T14:36:30.631574,5.5,84.0,10.797927856445312,0.0283203125,2.8203125
2025-11-27T14:36:31.636844,3.5,83.8,10.768997192382812,0.029296875,2.60546875
2025-11-27T14:36:32.638232,5.5,84.0,10.794052124023438,0.0234375,2.2373046875
2025-11-27T14:36:33.641897,11.7,84.0,10.797866821289062,0.02734375,2.7119140625
2025-11-27T14:36:34.643944,10.2,83.9,10.8004150390625,0.02734375,2.578125
2025-11-27T14:36:35.645949,6.1,84.0,10.806243896484375,0.0234375,2.4296875
2025-11-27T14:36:36.650982,15.9,84.1,10.827926635742188,0.1650390625,2.7685546875
2025-11-27T14:36:37.654315,24.5,84.4,10.790924072265625,0.294921875,2.87109375
2025-11-27T14:36:38.659657,13.2,83.8,10.664199829101562,0.1630859375,2.802734375
2025-11-27T14:36:39.665038,6.6,83.7,10.654434204101562,0.025390625,2.7646484375
2025-11-27T14:36:40.667063,9.6,83.8,10.675689697265625,0.033203125,2.6708984375
2025-11-27T14:36:41.667951,12.2,84.0,10.7142333984375,0.2861328125,2.810546875
2025-11-27T14:36:42.672611,23.8,84.0,10.713043212890625,0.62109375,2.9814453125
2025-11-27T14:36:43.678218,14.0,84.0,10.7305908203125,0.16015625,2.927734375
2025-11-27T14:36:44.681407,8.2,83.8,10.700057983398438,0.033203125,3.404296875
2025-11-27T14:36:45.682778,11.4,83.5,10.656097412109375,0.05078125,2.9697265625
2025-11-27T14:36:46.683190,14.3,83.9,10.748275756835938,0.0283203125,2.8837890625
2025-11-27T14:36:47.683693,18.1,87.0,10.764968872070312,0.1005859375,2.94140625
2025-11-27T14:36:48.688644,19.3,84.8,10.721176147460938,0.0654296875,2.9052734375
2025-11-27T14:36:49.691303,12.5,84.0,10.5968017578125,0.029296875,2.861328125
2025-11-27T14:36:50.696780,15.5,84.7,10.672348022460938,0.0517578125,3.046875
2025-11-27T14:36:51.698936,17.6,84.8,10.712753295898438,0.0283203125,2.654296875
2025-11-27T14:36:52.700968,13.2,84.5,10.680648803710938,0.041015625,3.0732421875
2025-11-27T14:36:53.706373,9.7,84.7,10.712554931640625,0.0263671875,2.48828125
2025-11-27T14:36:54.706812,9.2,84.6,10.688995361328125,0.0283203125,2.6640625
2025-11-27T14:36:55.708288,9.2,84.6,10.700790405273438,0.021484375,2.33203125
2025-11-27T14:36:56.708894,11.4,84.9,10.739089965820312,0.0390625,2.37890625
2025-11-27T14:36:57.710438,17.0,84.6,10.684829711914062,0.025390625,0.083984375
2025-11-27T14:36:58.713547,11.8,84.6,10.710067749023438,0.00390625,0.0048828125
2025-11-27T14:36:59.716954,15.7,85.1,10.736068725585938,0.041015625,0.0810546875
2025-11-27T14:37:00.719863,16.7,85.4,10.64208984375,0.060546875,0.0576171875
2025-11-27T14:37:01.721429,41.4,85.6,10.554336547851562,0.22265625,0.341796875
2025-11-27T14:37:02.724142,19.8,86.2,10.530685424804688,0.1611328125,0.3427734375
2025-11-27T14:37:03.725260,14.1,85.4,10.40325927734375,0.013671875,0.1328125
2025-11-27T14:37:04.730696,13.3,85.6,10.426681518554688,0.05859375,0.0732421875
2025-11-27T14:37:05.736429,13.6,86.0,10.48956298828125,0.0302734375,0.1328125
2025-11-27T14:37:06.742202,13.8,85.3,10.42803955078125,0.0791015625,0.0810546875
2025-11-27T14:37:07.747534,12.0,86.3,10.444015502929688,0.0380859375,0.0703125
2025-11-27T14:37:08.753110,5.0,86.0,10.385269165039062,0.0166015625,0.044921875
2025-11-27T14:37:09.755086,4.0,85.7,10.341659545898438,0.0029296875,0.0068359375
2025-11-27T14:37:10.759252,8.4,85.6,10.332778930664062,0.015625,0.03125
2025-11-27T14:37:11.764732,4.5,85.8,10.3707275390625,0.001953125,0.0029296875
2025-11-27T14:37:12.770220,10.0,86.2,10.426239013671875,0.01953125,0.0556640625
2025-11-27T14:37:13.771237,23.0,86.2,10.4171142578125,0.1923828125,0.3486328125
2025-11-27T14:37:14.772679,21.7,86.6,10.373046875,1.32421875,0.896484375
2025-11-27T14:37:15.775071,9.8,86.2,10.38250732421875,0.3291015625,0.013671875
2025-11-27T14:37:16.780388,18.4,86.2,10.111862182617188,0.02734375,0.06640625
2025-11-27T14:37:17.786144,3.5,87.5,10.3265380859375,0.00390625,0.00390625
2025-11-27T14:37:18.787503,7.0,86.8,10.193344116210938,0.0107421875,0.0087890625
2025-11-27T14:37:19.791132,4.3,86.7,10.194595336914062,0.001953125,0.001953125
2025-11-27T14:37:20.793202,1.7,86.8,10.205169677734375,0.0029296875,0.0029296875
2025-11-27T14:37:21.798533,4.8,86.6,10.181930541992188,0.001953125,0.00390625
2025-11-27T14:37:22.803865,9.7,86.6,10.191162109375,0.0029296875,0.015625
2025-11-27T14:37:23.809241,8.0,86.2,10.176986694335938,0.0634765625,0.1201171875
2025-11-27T14:37:24.814591,11.5,87.1,10.318511962890625,0.0078125,0.00390625
2025-11-27T14:37:25.815388,8.3,87.2,10.228271484375,0.0224609375,0.0185546875
2025-11-27T14:37:26.816331,2.7,86.7,10.168807983398438,0.0029296875,0.015625
2025-11-27T14:37:27.817123,6.4,87.1,10.314361572265625,0.0322265625,0.0712890625
2025-11-27T14:37:28.822495,7.0,86.2,10.17236328125,0.0029296875,0.001953125
2025-11-27T14:37:29.824824,10.4,87.0,10.332931518554688,0.0166015625,0.00390625
2025-11-27T14:37:30.826066,13.5,86.2,10.322052001953125,0.0107421875,0.0087890625
2025-11-27T14:37:31.831243,14.7,86.6,10.4442138671875,0.009765625,0.0087890625
2025-11-27T14:37:32.835311,9.8,86.6,10.437057495117188,0.01171875,0.0205078125
2025-11-27T14:37:33.840618,14.3,86.7,10.405410766601562,0.1044921875,0.00390625
2025-11-27T14:37:34.842969,11.6,86.1,10.3958740234375,0.001953125,0.0048828125
2025-11-27T14:37:35.846665,20.2,88.1,10.381683349609375,0.001953125,0.0029296875
2025-11-27T14:37:36.847400,8.1,86.3,10.3751220703125,0.0029296875,0.015625
2025-11-27T14:37:37.852775,4.3,86.1,10.351760864257812,0.00390625,0.0029296875
2025-11-27T14:37:38.857955,2.2,85.9,10.324081420898438,0.0029296875,0.0029296875
2025-11-27T14:37:39.863388,7.5,86.2,10.374755859375,0.001953125,0.005859375
2025-11-27T14:37:40.867751,7.1,86.0,10.366958618164062,0.0029296875,0.0029296875
2025-11-27T14:37:41.870098,7.5,86.3,10.410171508789062,0.001953125,0.0029296875
2025-11-27T14:37:42.875437,8.5,86.0,10.386764526367188,0.001953125,0.015625
2025-11-27T14:37:43.880868,20.5,86.1,10.444564819335938,0.134765625,0.1357421875
2025-11-27T14:37:44.884551,4.6,86.4,10.493118286132812,0.001953125,0.001953125
2025-11-27T14:37:45.889817,6.3,86.1,10.497955322265625,0.0029296875,0.0029296875
2025-11-27T14:37:46.895686,9.4,86.0,10.495559692382812,0.0029296875,0.015625
2025-11-27T14:37:47.901216,9.6,86.1,10.527313232421875,0.1591796875,0.15234375
2025-11-27T14:37:48.906590,9.7,85.8,10.501861572265625,0.001953125,0.001953125
2025-11-27T14:37:49.911435,10.1,85.9,10.520523071289062,0.001953125,0.0029296875
2025-11-27T14:37:50.912584,10.5,84.7,10.343795776367188,0.001953125,0.001953125
2025-11-27T14:37:51.918137,6.1,86.0,10.537811279296875,0.0029296875,0.00390625
2025-11-27T14:37:52.921989,11.8,85.6,10.4888916015625,0.134765625,0.1416015625
2025-11-27T14:37:53.927439,25.4,85.2,10.44635009765625,1.498046875,1.05078125
2025-11-27T14:37:54.933079,7.0,86.1,10.53887939453125,0.001953125,0.0048828125
2025-11-27T14:37:55.934971,11.8,85.7,10.547592163085938,0.0185546875,0.01953125
2025-11-27T14:37:56.940480,14.7,85.2,10.446212768554688,0.37109375,0.033203125
2025-11-27T14:37:57.946971,5.6,85.5,10.494232177734375,0.0341796875,0.0615234375
2025-11-27T14:37:58.952569,27.8,86.3,10.48223876953125,0.0712890625,0.0390625
2025-11-27T14:37:59.958439,14.9,85.6,10.415481567382812,0.0380859375,0.0283203125
2025-11-27T14:38:00.964277,7.1,85.9,10.480148315429688,0.017578125,0.009765625
2025-11-27T14:38:01.970165,7.6,85.7,10.430679321289062,0.0546875,0.01171875
2025-11-27T14:38:02.976063,13.9,85.3,10.405868530273438,0.0029296875,0.005859375
2025-11-27T14:38:03.981526,7.6,84.8,10.431838989257812,0.0087890625,0.0078125
2025-11-27T14:38:04.982847,9.6,85.1,10.484207153320312,0.0068359375,0.0068359375
2025-11-27T14:38:05.985353,9.1,84.6,10.417755126953125,0.01171875,0.0029296875
2025-11-27T14:38:06.990749,9.5,84.8,10.447509765625,0.001953125,0.001953125
2025-11-27T14:38:07.995475,12.7,84.8,10.455001831054688,0.0029296875,0.0029296875
2025-11-27T14:38:09.001921,9.7,84.8,10.457778930664062,0.00390625,0.0029296875
2025-11-27T14:38:10.007779,35.8,86.6,10.440032958984375,0.001953125,0.005859375
2025-11-27T14:38:11.014858,28.6,86.1,10.446975708007812,0.0029296875,0.0029296875
2025-11-27T14:38:12.017558,12.1,86.5,10.445053100585938,0.001953125,0.0029296875
2025-11-27T14:38:13.020288,3.2,86.3,10.410079956054688,0.0029296875,0.001953125
2025-11-27T14:38:14.024954,5.2,86.4,10.439453125,0.0107421875,0.0078125
2025-11-27T14:38:15.025332,3.3,85.8,10.341171264648438,0.001953125,0.001953125
2025-11-27T14:38:16.030723,2.1,85.9,10.35797119140625,0.0068359375,0.00390625
2025-11-27T14:38:17.036224,4.9,86.5,10.491424560546875,0.001953125,0.001953125
2025-11-27T14:38:18.041812,10.8,86.1,10.437255859375,0.001953125,0.001953125
2025-11-27T14:38:19.047304,10.0,85.9,10.402542114257812,0.02734375,0.044921875
2025-11-27T14:38:20.047677,9.3,85.9,10.399826049804688,0.001953125,0.001953125
2025-11-27T14:38:21.052527,9.8,85.9,10.407867431640625,0.0029296875,0.0029296875
2025-11-27T14:38:22.057912,7.3,85.8,10.413909912109375,0.001953125,0.00390625
2025-11-27T14:38:23.063405,6.8,85.7,10.394973754882812,0.005859375,0.0078125
2025-11-27T14:38:24.068779,9.9,85.6,10.4384765625,0.1875,0.2392578125
2025-11-27T14:38:25.074932,7.3,86.5,10.552459716796875,0.001953125,0.001953125
2025-11-27T14:38:26.079467,14.7,86.0,10.33502197265625,0.0029296875,0.0029296875
2025-11-27T14:38:27.080285,7.0,86.0,10.402877807617188,0.0048828125,0.00390625
2025-11-27T14:38:28.085633,3.2,86.1,10.422897338867188,0.1513671875,0.16796875
2025-11-27T14:38:29.091145,9.7,86.1,10.45001220703125,0.01171875,0.009765625
2025-11-27T14:38:30.096462,3.6,85.6,10.369461059570312,0.0029296875,0.0029296875
2025-11-27T14:38:31.101787,2.8,86.2,10.467620849609375,0.0029296875,0.001953125
2025-11-27T14:38:32.106769,12.6,86.2,10.486648559570312,0.001953125,0.0029296875
2025-11-27T14:38:33.107249,18.3,86.2,10.478286743164062,0.8876953125,0.8935546875
2025-11-27T14:38:34.112801,16.9,87.1,10.541610717773438,0.001953125,0.037109375
2025-11-27T14:38:35.118100,11.5,86.8,10.567276000976562,0.001953125,0.001953125
2025-11-27T14:38:36.119908,8.2,86.5,10.52288818359375,0.005859375,0.00390625
2025-11-27T14:38:37.121334,10.3,86.4,10.499404907226562,0.001953125,0.0029296875
2025-11-27T14:38:38.126578,8.6,85.8,10.391525268554688,0.3583984375,0.015625
2025-11-27T14:38:39.129236,11.0,85.7,10.383010864257812,0.0048828125,0.0029296875
2025-11-27T14:38:40.131920,9.1,86.0,10.417205810546875,0.00390625,0.0078125
2025-11-27T14:38:41.137505,8.4,85.8,10.38104248046875,0.001953125,0.0029296875
2025-11-27T14:38:42.139793,11.7,86.0,10.337066650390625,0.001953125,0.00390625
2025-11-27T14:38:43.145150,9.5,86.2,10.378463745117188,0.0029296875,0.0029296875
2025-11-27T14:38:44.145517,3.5,85.8,10.37945556640625,0.001953125,0.0126953125
2025-11-27T14:38:45.150859,4.6,85.8,10.38177490234375,0.0029296875,0.001953125
2025-11-27T14:38:46.152828,4.8,85.9,10.413421630859375,0.001953125,0.001953125
2025-11-27T14:38:47.158123,2.0,85.8,10.400604248046875,0.001953125,0.0029296875
2025-11-27T14:38:48.163451,10.3,85.1,10.3045654296875,0.0048828125,0.001953125
2025-11-27T14:38:49.168828,10.0,85.8,10.408676147460938,0.001953125,0.0029296875
2025-11-27T14:38:50.174427,3.8,85.8,10.414840698242188,0.001953125,0.001953125
2025-11-27T14:38:51.179880,6.4,85.8,10.407180786132812,0.001953125,0.001953125
2025-11-27T14:38:52.185360,4.5,85.8,10.4085693359375,0.001953125,0.001953125
2025-11-27T14:38:53.190692,3.8,85.7,10.393417358398438,0.0029296875,0.0029296875
2025-11-27T14:38:54.195364,4.9,85.5,10.391265869140625,0.0029296875,0.0029296875
2025-11-27T14:38:55.200696,6.8,85.7,10.416748046875,0.001953125,0.001953125
2025-11-27T14:38:56.205973,3.3,85.6,10.41851806640625,0.001953125,0.001953125
2025-11-27T14:38:57.211238,6.7,85.2,10.366058349609375,0.01953125,0.013671875
2025-11-27T14:38:58.213886,5.2,85.6,10.423538208007812,0.0166015625,0.0302734375
2025-11-27T14:38:59.214814,8.1,85.7,10.4398193359375,0.0078125,0.0048828125
2025-11-27T14:39:00.215629,4.8,85.6,10.4364013671875,0.0029296875,0.0029296875
2025-11-27T14:39:01.221085,3.6,85.5,10.415634155273438,0.001953125,0.001953125
2025-11-27T14:39:02.224568,2.9,85.7,10.442657470703125,0.0009765625,0.0009765625
2025-11-27T14:39:03.229797,3.3,85.7,10.454498291015625,0.001953125,0.00390625
2025-11-27T14:39:04.235196,6.5,85.4,10.416702270507812,0.00390625,0.00390625
2025-11-27T14:39:05.235760,3.8,85.6,10.438262939453125,0.001953125,0.001953125
2025-11-27T14:39:06.240097,6.0,85.6,10.436767578125,0.001953125,0.001953125
2025-11-27T14:39:07.245432,9.0,85.1,10.36395263671875,0.001953125,0.001953125
2025-11-27T14:39:08.250811,8.0,85.6,10.446533203125,0.001953125,0.0029296875
2025-11-27T14:39:09.256381,8.9,86.5,10.500335693359375,0.0029296875,0.0029296875
2025-11-27T14:39:10.261902,19.4,86.8,10.534576416015625,0.0048828125,0.0068359375
2025-11-27T14:39:11.267251,9.3,86.9,10.540756225585938,0.001953125,0.001953125
2025-11-27T14:39:12.272680,8.9,86.4,10.46563720703125,0.0029296875,0.001953125
2025-11-27T14:39:13.278134,6.0,85.9,10.381591796875,0.001953125,0.001953125
2025-11-27T14:39:14.278664,8.8,86.9,10.551986694335938,0.0048828125,0.0048828125
2025-11-27T14:39:15.284067,10.6,86.9,10.486251831054688,0.0126953125,0.01171875
2025-11-27T14:39:16.289618,10.2,86.6,10.4500732421875,0.001953125,0.001953125
2025-11-27T14:39:17.291309,9.3,86.5,10.430465698242188,0.01171875,0.009765625
2025-11-27T14:39:18.296622,9.8,86.4,10.44097900390625,0.0185546875,0.0146484375
2025-11-27T14:39:19.302037,11.2,86.6,10.415313720703125,0.048828125,0.0732421875
2025-11-27T14:39:20.302901,14.4,86.1,10.344100952148438,0.0625,0.263671875
2025-11-27T14:39:21.308378,12.0,86.5,10.427017211914062,0.03515625,0.0380859375
2025-11-27T14:39:22.313847,13.2,86.8,10.448516845703125,0.0205078125,0.0927734375
2025-11-27T14:39:23.314459,8.8,86.3,10.372146606445312,0.0078125,0.013671875
2025-11-27T14:39:24.315246,9.1,86.2,10.365707397460938,0.0146484375,0.0322265625
2025-11-27T14:39:25.320578,15.5,86.1,10.437973022460938,0.001953125,0.0029296875
2025-11-27T14:39:26.321585,9.0,87.4,10.52239990234375,0.0029296875,0.0029296875
2025-11-27T14:39:27.324553,9.4,87.5,10.485580444335938,0.021484375,0.0361328125
2025-11-27T14:39:28.330261,9.0,86.4,10.467864990234375,0.0205078125,0.0048828125
2025-11-27T14:39:29.336161,6.1,86.2,10.45172119140625,0.001953125,0.001953125
2025-11-27T14:39:30.341650,28.4,86.5,10.441665649414062,0.99609375,0.560546875
2025-11-27T14:39:31.347041,7.8,85.6,10.43988037109375,0.001953125,0.001953125
2025-11-27T14:39:32.350855,4.7,85.4,10.41082763671875,0.0068359375,0.00390625
2025-11-27T14:39:33.354190,1.9,85.4,10.407546997070312,0.0146484375,0.0029296875
2025-11-27T14:39:34.356102,6.1,85.7,10.499786376953125,0.0009765625,0.0146484375
2025-11-27T14:39:35.361693,3.3,85.8,10.505523681640625,0.0029296875,0.0029296875
2025-11-27T14:39:36.363254,1.7,85.6,10.4896240234375,0.0029296875,0.001953125
2025-11-27T14:39:37.364220,4.1,85.8,10.534515380859375,0.0029296875,0.017578125
2025-11-27T14:39:38.369586,15.5,85.6,10.544586181640625,0.017578125,0.0126953125
2025-11-27T14:39:39.370502,5.8,85.5,10.535491943359375,0.00390625,0.0029296875
2025-11-27T14:39:40.372726,3.6,85.5,10.540069580078125,0.001953125,0.0078125
2025-11-27T14:39:41.378080,3.6,85.6,10.55084228515625,0.001953125,0.00390625
2025-11-27T14:39:42.380306,6.3,85.5,10.529312133789062,0.0107421875,0.0078125
2025-11-27T14:39:43.380913,2.5,85.5,10.533050537109375,0.001953125,0.001953125
2025-11-27T14:39:44.381372,4.9,85.6,10.55877685546875,0.0029296875,0.0146484375
2025-11-27T14:39:45.386657,3.9,85.7,10.565505981445312,0.001953125,0.01171875
2025-11-27T14:39:46.391911,2.4,85.2,10.460983276367188,0.0029296875,0.005859375
2025-11-27T14:39:47.394497,4.1,85.6,10.489898681640625,0.0029296875,0.0029296875
2025-11-27T14:39:48.400050,7.8,85.9,10.536529541015625,0.1337890625,0.1494140625
2025-11-27T14:39:49.401977,8.3,85.8,10.515914916992188,0.013671875,0.03125
2025-11-27T14:39:50.406987,25.7,85.5,10.477249145507812,0.8759765625,0.8779296875
2025-11-27T14:39:51.412369,4.0,85.7,10.473037719726562,0.0029296875,0.0029296875
2025-11-27T14:39:52.412995,5.8,85.8,10.508834838867188,0.001953125,0.001953125
2025-11-27T14:39:53.418397,9.8,85.2,10.393997192382812,0.3486328125,0.01953125
2025-11-27T14:39:54.420050,7.0,85.9,10.522781372070312,0.005859375,0.005859375
2025-11-27T14:39:55.420421,28.9,86.5,10.43804931640625,0.8583984375,0.412109375
2025-11-27T14:39:56.425839,8.0,85.9,10.42999267578125,0.00390625,0.013671875
2025-11-27T14:39:57.430507,4.8,86.3,10.482467651367188,0.0458984375,0.1259765625
2025-11-27T14:39:58.435864,10.9,85.5,10.39703369140625,0.0029296875,0.0029296875
2025-11-27T14:39:59.438403,8.3,86.2,10.466583251953125,0.0283203125,0.0283203125
2025-11-27T14:40:00.445025,3.9,86.3,10.449203491210938,0.01171875,0.02734375
2025-11-27T14:40:01.446011,3.6,85.9,10.429290771484375,0.0107421875,0.009765625
2025-11-27T14:40:02.449155,3.8,85.9,10.4378662109375,0.0126953125,0.0126953125
2025-11-27T14:40:03.451439,3.8,86.0,10.4503173828125,0.009765625,0.009765625
2025-11-27T14:40:04.453299,2.8,85.4,10.355377197265625,0.0107421875,0.009765625
2025-11-27T14:40:05.458608,4.7,85.4,10.3546142578125,0.01171875,0.0107421875
2025-11-27T14:40:06.462763,11.1,86.2,10.48876953125,0.0107421875,0.0107421875
2025-11-27T14:40:07.468099,3.6,86.3,10.493728637695312,0.01171875,0.009765625
2025-11-27T14:40:08.473482,5.4,86.2,10.474533081054688,0.0107421875,0.009765625
2025-11-27T14:40:09.474893,16.1,86.6,10.462493896484375,0.017578125,0.033203125
2025-11-27T14:40:10.477767,20.9,86.0,10.529678344726562,0.01171875,0.015625
2025-11-27T14:40:11.483252,16.0,85.3,10.417633056640625,0.0107421875,0.009765625
2025-11-27T14:40:12.484707,3.8,85.7,10.437911987304688,0.0107421875,0.009765625
2025-11-27T14:40:13.489978,4.4,85.8,10.454498291015625,0.01171875,0.009765625
2025-11-27T14:40:14.495207,12.9,86.1,10.501144409179688,0.759765625,0.779296875
2025-11-27T14:40:15.498922,6.1,86.1,10.501785278320312,0.015625,0.0244140625
2025-11-27T14:40:16.502835,2.4,86.1,10.51580810546875,0.01171875,0.009765625
2025-11-27T14:40:17.504273,6.3,85.9,10.431121826171875,0.0126953125,0.01171875
2025-11-27T14:40:18.504863,6.0,86.2,10.461090087890625,0.015625,0.0390625
2025-11-27T14:40:19.505351,2.1,86.2,10.462020874023438,0.345703125,0.0205078125
2025-11-27T14:40:20.510651,4.2,86.3,10.444366455078125,0.0205078125,0.0185546875
2025-11-27T14:40:21.516173,4.3,86.3,10.450286865234375,0.0107421875,0.0107421875
2025-11-27T14:40:22.518249,1.9,86.1,10.422958374023438,0.01171875,0.01171875
2025-11-27T14:40:23.519605,8.7,86.0,10.432418823242188,0.015625,0.0166015625
2025-11-27T14:40:24.523238,3.6,86.3,10.468124389648438,0.0126953125,0.01171875
2025-11-27T14:40:25.524212,1.7,86.1,10.431549072265625,0.01171875,0.0107421875
2025-11-27T14:40:26.524887,3.9,86.1,10.442062377929688,0.01171875,0.0107421875
2025-11-27T14:40:27.530242,6.0,86.2,10.351455688476562,0.0322265625,0.0458984375
2025-11-27T14:40:28.534330,1.9,85.9,10.303146362304688,0.0107421875,0.009765625
2025-11-27T14:40:29.539855,8.3,85.5,10.316696166992188,0.0107421875,0.0107421875
2025-11-27T14:40:30.545284,4.4,85.7,10.362319946289062,0.0107421875,0.009765625
2025-11-27T14:40:31.550920,9.5,86.2,10.451736450195312,0.01171875,0.0107421875
2025-11-27T14:40:32.556940,7.9,86.1,10.441802978515625,0.01171875,0.0107421875
2025-11-27T14:40:33.563376,7.3,86.2,10.473800659179688,0.01171875,0.0107421875
2025-11-27T14:40:34.564117,17.7,86.6,10.476119995117188,0.03125,0.0302734375
2025-11-27T14:40:35.569611,10.5,85.8,10.4134521484375,0.0576171875,0.0419921875
2025-11-27T14:40:36.574009,11.9,85.9,10.380599975585938,0.19921875,0.17578125
2025-11-27T14:40:37.579533,6.5,86.3,10.417984008789062,0.01171875,0.0107421875
2025-11-27T14:40:38.585335,8.7,86.4,10.375534057617188,0.01171875,0.0107421875
2025-11-27T14:40:39.587479,9.0,85.8,10.311080932617188,0.0126953125,0.0146484375
2025-11-27T14:40:40.593134,6.7,86.1,10.358566284179688,0.013671875,0.01171875
2025-11-27T14:40:41.596002,8.3,86.5,10.425445556640625,0.060546875,0.05859375
2025-11-27T14:40:42.597598,11.5,86.6,10.432998657226562,0.0439453125,0.04296875
2025-11-27T14:40:43.603226,5.5,86.7,10.451202392578125,0.0556640625,0.0439453125
2025-11-27T14:40:44.606696,7.3,86.3,10.3756103515625,0.0107421875,0.009765625
2025-11-27T14:40:45.612651,9.5,86.6,10.426055908203125,0.0419921875,0.0419921875
2025-11-27T14:40:46.618749,7.4,86.7,10.433273315429688,0.0146484375,0.0107421875
2025-11-27T14:40:47.624652,10.0,86.6,10.419570922851562,0.076171875,0.07421875
2025-11-27T14:40:48.627165,7.4,86.4,10.392349243164062,0.01171875,0.0107421875
2025-11-27T14:40:49.632784,3.7,86.5,10.404098510742188,0.046875,0.04296875
2025-11-27T14:40:50.634065,4.3,86.2,10.36572265625,0.0126953125,0.01171875
2025-11-27T14:40:51.636243,4.6,86.4,10.389739990234375,0.0107421875,0.009765625
2025-11-27T14:40:52.641772,4.2,86.3,10.393356323242188,0.0146484375,0.0234375
2025-11-27T14:40:53.647188,9.2,86.5,10.43756103515625,0.01171875,0.0107421875
2025-11-27T14:40:54.650810,16.1,86.6,10.457611083984375,0.0166015625,0.0166015625
2025-11-27T14:40:55.656564,7.6,87.1,10.4814453125,0.021484375,0.009765625
2025-11-27T14:40:56.659457,19.2,87.2,10.491195678710938,0.033203125,0.0419921875
2025-11-27T14:40:57.660769,14.4,86.5,10.353775024414062,0.0537109375,0.12890625
2025-11-27T14:40:58.666579,6.7,87.0,10.4200439453125,0.0283203125,0.0185546875
2025-11-27T14:40:59.667759,16.4,86.9,10.3990478515625,1.4658203125,1.46484375
2025-11-27T14:41:00.669358,9.5,86.4,10.331207275390625,1.0009765625,0.974609375
2025-11-27T14:41:01.674882,7.9,86.8,10.3895263671875,0.01953125,0.015625
2025-11-27T14:41:02.676913,7.5,86.6,10.367568969726562,1.943359375,1.9423828125
2025-11-27T14:41:03.679614,7.8,86.8,10.3984375,0.978515625,0.9794921875
2025-11-27T14:41:04.680922,9.3,87.1,10.422454833984375,0.8681640625,0.8681640625
2025-11-27T14:41:05.686496,4.6,86.9,10.424972534179688,0.0126953125,0.037109375
2025-11-27T14:41:06.687445,5.2,86.4,10.350372314453125,0.5888671875,0.591796875
2025-11-27T14:41:07.692976,4.6,86.6,10.393829345703125,0.017578125,0.0302734375
2025-11-27T14:41:08.694920,14.8,86.8,10.432144165039062,0.01171875,0.0244140625
2025-11-27T14:41:09.696066,12.3,86.6,10.397857666015625,0.01171875,0.0263671875
2025-11-27T14:41:10.700841,13.6,86.6,10.402481079101562,0.01171875,0.0234375
2025-11-27T14:41:11.701924,12.7,86.4,10.37591552734375,0.01171875,0.0234375
2025-11-27T14:41:12.704506,11.9,86.4,10.365509033203125,0.0107421875,0.0234375
2025-11-27T14:41:13.710314,15.3,86.5,10.381423950195312,0.013671875,0.0244140625
2025-11-27T14:41:14.716009,13.4,86.5,10.43878173828125,0.61328125,0.1787109375
2025-11-27T14:41:15.717125,7.4,86.3,10.414352416992188,0.0224609375,0.03125
2025-11-27T14:41:16.718742,3.0,86.4,10.430740356445312,0.580078125,0.5927734375
2025-11-27T14:41:17.721151,4.1,86.2,10.401580810546875,0.0107421875,0.0224609375
2025-11-27T14:41:18.726696,7.2,86.2,10.415176391601562,0.5927734375,0.626953125
2025-11-27T14:41:19.729419,4.1,86.3,10.439666748046875,0.5810546875,0.5791015625
2025-11-27T14:41:20.735110,5.5,86.2,10.434417724609375,0.0107421875,0.009765625
2025-11-27T14:41:21.741096,4.6,86.3,10.436614990234375,0.580078125,0.5791015625
2025-11-27T14:41:22.746143,2.1,86.2,10.417495727539062,0.01171875,0.0244140625
2025-11-27T14:41:23.751509,11.1,86.2,10.416580200195312,0.583984375,0.5869140625
2025-11-27T14:41:24.754728,7.7,86.3,10.3509521484375,0.580078125,0.578125
2025-11-27T14:41:25.756996,6.6,86.4,10.384170532226562,0.5810546875,0.5810546875
2025-11-27T14:41:26.761207,5.8,86.3,10.426498413085938,0.01171875,0.03515625
2025-11-27T14:41:27.766740,12.7,86.2,10.410812377929688,1.1884765625,1.2119140625
2025-11-27T14:41:28.768548,2.8,86.3,10.420913696289062,0.580078125,0.5771484375
2025-11-27T14:41:29.771022,5.5,86.0,10.392257690429688,0.01171875,0.009765625
2025-11-27T14:41:30.776411,9.0,86.7,10.472030639648438,0.01171875,0.0107421875
2025-11-27T14:41:31.780275,4.0,86.7,10.474685668945312,0.015625,0.0107421875
2025-11-27T14:41:32.786045,8.9,86.9,10.417999267578125,0.0126953125,0.0107421875
2025-11-27T14:41:33.788576,9.8,86.8,10.44342041015625,0.013671875,0.0126953125
2025-11-27T14:41:34.794171,7.4,86.9,10.457199096679688,0.009765625,0.0087890625
2025-11-27T14:41:35.799508,11.1,86.9,10.467391967773438,0.083984375,0.07421875
2025-11-27T14:41:36.804864,10.2,86.5,10.371047973632812,0.01171875,0.01171875
2025-11-27T14:41:37.806720,13.2,87.2,10.486831665039062,0.5556640625,0.546875
2025-11-27T14:41:38.807526,9.1,86.9,10.40765380859375,0.0859375,0.0849609375
2025-11-27T14:41:39.808242,15.1,87.1,10.372772216796875,0.1572265625,0.1435546875
2025-11-27T14:41:40.808967,9.0,87.3,10.399169921875,0.3671875,0.36328125
2025-11-27T14:41:41.814349,20.4,87.0,10.358917236328125,0.8818359375,0.8837890625
2025-11-27T14:41:42.815141,6.0,86.7,10.3311767578125,0.01953125,0.0107421875
2025-11-27T14:41:43.821109,7.9,86.9,10.364639282226562,0.017578125,0.0166015625
2025-11-27T14:41:44.824364,10.4,86.9,10.37957763671875,0.5986328125,0.5986328125
2025-11-27T14:41:45.828915,7.8,86.7,10.3463134765625,0.3662109375,0.0224609375
2025-11-27T14:41:46.834487,9.1,86.8,10.387405395507812,0.6494140625,0.6201171875
2025-11-27T14:41:47.836508,8.4,86.4,10.244384765625,0.728515625,0.484375
2025-11-27T14:41:48.842315,7.5,86.4,10.33349609375,0.1865234375,0.0166015625
2025-11-27T14:41:49.847873,7.7,86.6,10.3829345703125,0.0107421875,0.009765625
2025-11-27T14:41:50.849812,7.3,86.5,10.369064331054688,0.01171875,0.009765625
2025-11-27T14:41:51.853911,8.9,86.5,10.364837646484375,0.0224609375,0.01171875
2025-11-27T14:41:52.858855,10.5,86.5,10.373016357421875,0.01171875,0.0107421875
2025-11-27T14:41:53.864363,10.0,86.6,10.3809814453125,0.0107421875,0.009765625
2025-11-27T14:41:54.865688,5.6,86.5,10.367462158203125,0.24609375,0.2451171875
2025-11-27T14:41:55.866649,2.6,86.5,10.379364013671875,0.009765625,0.0087890625
2025-11-27T14:41:56.871994,4.5,86.7,10.391769409179688,0.0224609375,0.01953125
2025-11-27T14:41:57.878027,15.0,86.2,10.296356201171875,0.2763671875,0.302734375
2025-11-27T14:41:58.880543,16.6,87.0,10.421554565429688,0.013671875,0.01171875
2025-11-27T14:41:59.885854,12.5,86.8,10.4190673828125,0.2451171875,0.244140625
2025-11-27T14:42:00.886583,14.7,86.1,10.297439575195312,0.2470703125,0.2470703125
2025-11-27T14:42:01.891937,13.1,86.4,10.350311279296875,0.0185546875,0.009765625
2025-11-27T14:42:02.894048,10.0,86.2,10.275466918945312,0.375,0.375
2025-11-27T14:42:03.900235,6.8,86.5,10.38507080078125,0.0107421875,0.009765625
2025-11-27T14:42:04.901093,6.3,86.8,10.416702270507812,0.0107421875,0.009765625
2025-11-27T14:42:05.906557,8.1,86.3,10.324752807617188,0.01171875,0.0126953125
2025-11-27T14:42:06.910838,7.5,86.4,10.31097412109375,0.0166015625,0.01171875
2025-11-27T14:42:07.917163,16.9,86.9,10.36163330078125,0.2744140625,0.2783203125
2025-11-27T14:42:08.917877,9.0,86.3,10.336654663085938,0.0107421875,0.009765625
2025-11-27T14:42:09.920311,4.1,85.8,10.264984130859375,0.013671875,0.015625
2025-11-27T14:42:10.922478,1.7,86.3,10.35626220703125,0.009765625,0.0087890625
2025-11-27T14:42:11.927844,5.6,86.2,10.34844970703125,0.017578125,0.01171875
2025-11-27T14:42:12.933161,2.8,86.3,10.349044799804688,0.013671875,0.01171875
2025-11-27T14:42:13.938509,3.1,86.3,10.35333251953125,0.0126953125,0.0107421875
2025-11-27T14:42:14.943754,17.0,86.3,10.375350952148438,0.7685546875,0.76953125
2025-11-27T14:42:15.946459,8.0,86.2,10.363677978515625,0.0126953125,0.01171875
2025-11-27T14:42:16.951149,7.2,86.4,10.38751220703125,0.3623046875,0.0205078125
2025-11-27T14:42:17.955884,2.7,86.3,10.370681762695312,0.01171875,0.01171875
2025-11-27T14:42:18.960835,8.6,86.1,10.398635864257812,0.033203125,0.052734375
2025-11-27T14:42:19.962389,20.2,86.3,10.465301513671875,0.4560546875,0.42578125
2025-11-27T14:42:20.967656,4.2,86.3,10.4461669921875,0.263671875,0.017578125
2025-11-27T14:42:21.973156,8.1,85.9,10.38946533203125,0.205078125,0.0244140625
2025-11-27T14:42:22.974906,8.5,86.0,10.408905029296875,0.0341796875,0.013671875
2025-11-27T14:42:23.975587,2.0,85.8,10.382476806640625,0.015625,0.0166015625
2025-11-27T14:42:24.980939,3.3,85.9,10.392440795898438,0.0126953125,0.01171875
2025-11-27T14:42:25.982500,2.8,85.9,10.396072387695312,0.0107421875,0.009765625
2025-11-27T14:42:26.987800,3.2,86.0,10.406997680664062,0.0126953125,0.0126953125
2025-11-27T14:42:27.990905,6.5,85.9,10.399581909179688,0.0390625,0.0517578125
2025-11-27T14:42:28.991857,3.8,85.3,10.310516357421875,0.0107421875,0.0107421875
2025-11-27T14:42:29.997211,2.5,85.5,10.3233642578125,0.0126953125,0.009765625
2025-11-27T14:42:30.999194,8.3,85.2,10.275177001953125,0.01171875,0.01171875
2025-11-27T14:42:31.999832,7.3,85.9,10.409591674804688,0.009765625,0.0087890625
2025-11-27T14:42:33.000621,1.8,86.1,10.437103271484375,0.01171875,0.009765625
2025-11-27T14:42:34.006062,3.5,85.9,10.407699584960938,0.0126953125,0.01171875
2025-11-27T14:42:35.007428,3.2,85.9,10.400772094726562,0.140625,0.140625
2025-11-27T14:42:36.012976,8.2,86.1,10.44427490234375,0.01171875,0.0107421875
2025-11-27T14:42:37.018468,3.2,86.1,10.439468383789062,0.0146484375,0.0126953125
2025-11-27T14:42:38.019833,3.8,86.0,10.427169799804688,0.0126953125,0.0107421875
2025-11-27T14:42:39.022039,5.2,86.1,10.457107543945312,0.140625,0.1396484375
2025-11-27T14:42:40.022759,16.3,86.1,10.3616943359375,0.2802734375,0.2861328125
2025-11-27T14:42:41.026730,4.3,86.0,10.415496826171875,0.0107421875,0.009765625
2025-11-27T14:42:42.028016,5.2,85.9,10.414947509765625,0.0107421875,0.0107421875
2025-11-27T14:42:43.033395,9.6,85.9,10.429290771484375,0.7763671875,0.7705078125
2025-11-27T14:42:44.035872,6.0,85.5,10.359634399414062,0.01171875,0.01171875
2025-11-27T14:42:45.036853,1.8,85.7,10.386672973632812,0.01171875,0.009765625
2025-11-27T14:42:46.042202,4.4,85.6,10.391998291015625,0.01171875,0.0107421875
2025-11-27T14:42:47.048342,9.3,86.6,10.49249267578125,0.01171875,0.0126953125
2025-11-27T14:42:48.054401,18.4,86.4,10.450714111328125,0.505859375,0.166015625
2025-11-27T14:42:49.056418,5.7,86.3,10.441299438476562,0.232421875,0.017578125
2025-11-27T14:42:50.061835,7.9,86.6,10.415298461914062,0.525390625,0.2578125
2025-11-27T14:42:51.065860,10.9,86.5,10.410140991210938,0.1025390625,0.1044921875
2025-11-27T14:42:52.069602,3.2,86.2,10.436386108398438,0.1923828125,0.185546875
2025-11-27T14:42:53.070182,9.4,86.4,10.442916870117188,0.3056640625,0.0205078125
2025-11-27T14:42:54.075993,14.4,86.5,10.453659057617188,0.0146484375,0.0185546875
2025-11-27T14:42:55.082321,3.7,86.1,10.4111328125,0.017578125,0.0146484375
2025-11-27T14:42:56.087726,5.0,86.1,10.412872314453125,0.2763671875,0.28515625
2025-11-27T14:42:57.090709,5.0,86.3,10.4427490234375,0.1328125,0.1474609375
2025-11-27T14:42:58.091408,4.9,86.1,10.3992919921875,0.2001953125,0.212890625
2025-11-27T14:42:59.095308,11.7,86.1,10.466964721679688,0.1943359375,0.1962890625
2025-11-27T14:43:00.100942,10.3,86.0,10.4632568359375,0.01171875,0.009765625
2025-11-27T14:43:01.106188,13.5,86.0,10.47039794921875,0.01171875,0.0107421875
2025-11-27T14:43:02.109736,9.2,86.0,10.497268676757812,0.09765625,0.0966796875
2025-11-27T14:43:03.110863,8.8,86.0,10.505569458007812,0.013671875,0.013671875
2025-11-27T14:43:04.116137,21.1,86.0,10.48638916015625,0.140625,0.1376953125
2025-11-27T14:43:05.116983,12.5,85.5,10.445098876953125,0.0048828125,0.015625
2025-11-27T14:43:06.122592,5.7,85.8,10.493362426757812,0.013671875,0.0029296875
2025-11-27T14:43:07.124870,12.3,85.9,10.491867065429688,0.1455078125,0.140625
2025-11-27T14:43:08.126067,35.7,86.1,10.478607177734375,1.1708984375,1.5927734375
2025-11-27T14:43:09.127554,14.6,86.5,10.43115234375,0.7021484375,0.0419921875
2025-11-27T14:43:10.132828,6.5,86.2,10.47357177734375,0.0029296875,0.0078125
2025-11-27T14:43:11.138349,3.7,86.0,10.439620971679688,0.001953125,0.001953125
2025-11-27T14:43:12.139943,13.1,86.3,10.477981567382812,0.0078125,0.001953125
2025-11-27T14:43:13.140318,8.8,86.2,10.482650756835938,0.0029296875,0.0029296875
2025-11-27T14:43:14.145783,9.8,86.1,10.46484375,0.13671875,0.13671875
2025-11-27T14:43:15.146348,28.1,86.1,10.334060668945312,1.2646484375,1.181640625
2025-11-27T14:43:16.147029,14.4,86.5,10.417877197265625,0.431640625,0.0380859375
2025-11-27T14:43:17.148449,24.1,86.4,10.388580322265625,0.0029296875,0.00390625
2025-11-27T14:43:18.154110,10.5,87.7,10.472747802734375,0.0166015625,0.015625
2025-11-27T14:43:19.159415,17.3,86.6,10.389907836914062,0.0244140625,0.048828125
2025-11-27T14:43:20.160598,15.8,86.6,10.39630126953125,0.5751953125,0.1455078125
2025-11-27T14:43:21.166301,12.0,86.4,10.402252197265625,0.0166015625,0.0224609375
2025-11-27T14:43:22.170238,21.6,86.8,10.438568115234375,0.232421875,0.3994140625
2025-11-27T14:43:23.171308,14.0,86.3,10.4356689453125,0.0283203125,0.037109375
2025-11-27T14:43:24.174607,12.8,85.8,10.4241943359375,0.0341796875,0.05859375
2025-11-27T14:43:25.175834,20.0,85.7,10.413360595703125,0.17578125,0.2080078125
2025-11-27T14:43:26.181155,17.4,85.5,10.409927368164062,0.8330078125,0.8232421875
2025-11-27T14:43:27.186788,6.0,85.6,10.450271606445312,0.0146484375,0.0400390625
2025-11-27T14:43:28.187357,23.3,85.6,10.4501953125,0.65625,0.4443359375
2025-11-27T14:43:29.190284,25.8,86.3,10.448165893554688,0.3125,0.021484375
2025-11-27T14:43:30.192683,59.7,87.9,10.1220703125,0.0341796875,0.0673828125
2025-11-27T14:43:31.195755,67.8,87.2,10.188735961914062,0.533203125,0.0771484375
2025-11-27T14:43:32.197987,43.2,87.7,10.17529296875,0.0185546875,0.1201171875
2025-11-27T14:43:33.199921,40.7,87.9,10.158432006835938,0.046875,0.287109375
2025-11-27T14:43:34.205469,51.9,87.3,10.197891235351562,0.1865234375,0.4345703125
2025-11-27T14:43:35.210750,26.7,87.3,10.239639282226562,0.029296875,0.068359375
2025-11-27T14:43:36.211145,15.5,87.4,10.228042602539062,0.001953125,0.001953125
2025-11-27T14:43:37.211516,13.8,87.3,10.232513427734375,0.0869140625,6.2275390625
2025-11-27T14:43:38.213284,12.8,87.2,10.255203247070312,0.162109375,2.619140625
2025-11-27T14:43:39.215595,40.0,87.8,10.146026611328125,0.0205078125,0.0556640625
2025-11-27T14:43:40.221652,43.3,88.0,10.244842529296875,0.0263671875,0.55078125
2025-11-27T14:43:41.224357,35.7,88.4,10.187576293945312,0.017578125,0.029296875
2025-11-27T14:43:42.225744,21.3,88.2,10.19171142578125,0.0126953125,0.0166015625
2025-11-27T14:43:43.231128,23.6,88.2,10.14288330078125,0.033203125,0.0341796875
2025-11-27T14:43:44.236551,14.1,88.4,10.184524536132812,0.0107421875,0.0361328125
2025-11-27T14:43:45.242018,11.0,88.3,10.172210693359375,0.017578125,0.015625
2025-11-27T14:43:46.245507,13.2,87.6,10.182083129882812,0.14453125,0.1484375
2025-11-27T14:43:47.247953,12.4,86.8,10.116668701171875,0.0107421875,0.00390625
2025-11-27T14:43:48.248537,24.8,87.5,10.366073608398438,0.1708984375,0.15625
2025-11-27T14:43:49.249378,30.0,87.8,10.444656372070312,0.953125,0.955078125
2025-11-27T14:43:50.255135,20.6,88.2,10.474334716796875,0.0029296875,0.0029296875
2025-11-27T14:43:51.261331,11.9,87.6,10.324661254882812,0.0029296875,0.0029296875
2025-11-27T14:43:52.266562,12.1,87.5,10.34259033203125,0.478515625,0.0185546875
2025-11-27T14:43:53.271861,4.0,87.4,10.330062866210938,0.00390625,0.0048828125
2025-11-27T14:43:54.277714,8.4,87.3,10.334564208984375,0.0068359375,0.0087890625
2025-11-27T14:43:55.281066,8.2,87.3,10.341552734375,0.0078125,0.0078125
2025-11-27T14:43:56.286668,3.5,87.4,10.339767456054688,0.001953125,0.0048828125
2025-11-27T14:43:57.289158,8.4,87.5,10.294937133789062,0.05078125,0.0751953125
2025-11-27T14:43:58.295112,9.4,87.2,10.370590209960938,0.0029296875,0.0048828125
2025-11-27T14:43:59.297262,5.5,87.0,10.353729248046875,0.0048828125,0.0068359375
2025-11-27T14:44:00.302839,5.6,86.9,10.354721069335938,0.0029296875,0.0048828125
2025-11-27T14:44:01.304855,4.6,86.9,10.368637084960938,0.0078125,0.0078125
2025-11-27T14:44:02.310487,3.7,86.8,10.353744506835938,0.0048828125,0.0078125
2025-11-27T14:44:03.316039,5.1,86.8,10.35235595703125,0.001953125,0.00390625
2025-11-27T14:44:04.322106,5.3,87.0,10.39031982421875,0.0048828125,0.0087890625
2025-11-27T14:44:05.327724,7.7,86.7,10.352767944335938,0.001953125,0.0048828125
2025-11-27T14:44:06.332815,5.1,86.7,10.360305786132812,0.00390625,0.005859375
2025-11-27T14:44:07.338240,4.5,86.9,10.396682739257812,0.0029296875,0.0048828125
2025-11-27T14:44:08.343694,4.5,86.9,10.401138305664062,0.0029296875,0.0048828125
2025-11-27T14:44:09.347599,6.3,86.3,10.3126220703125,0.001953125,0.005859375
2025-11-27T14:44:10.354317,4.8,86.3,10.315185546875,0.00390625,0.0087890625
2025-11-27T14:44:11.359770,12.3,87.0,10.383010864257812,0.001953125,0.005859375
2025-11-27T14:44:12.367307,16.2,86.9,10.412811279296875,0.3017578125,0.3017578125
2025-11-27T14:44:13.370494,6.3,86.9,10.412872314453125,0.00390625,0.00390625
2025-11-27T14:44:14.375910,9.4,86.9,10.446914672851562,0.189453125,0.169921875
2025-11-27T14:44:15.380748,7.4,86.3,10.343185424804688,0.0048828125,0.00390625
2025-11-27T14:44:16.388724,4.7,86.2,10.318817138671875,0.00390625,0.009765625
2025-11-27T14:44:17.394475,4.6,86.2,10.326309204101562,0.0029296875,0.00390625
2025-11-27T14:44:18.396640,11.1,86.8,10.415847778320312,0.189453125,0.017578125
2025-11-27T14:44:19.404666,7.7,85.9,10.32470703125,0.0048828125,0.0341796875
2025-11-27T14:44:20.410350,2.7,86.1,10.3612060546875,0.00390625,0.005859375
2025-11-27T14:44:21.415720,4.7,86.1,10.358673095703125,0.001953125,0.0048828125
2025-11-27T14:44:22.418145,9.5,86.5,10.426300048828125,0.0029296875,0.005859375
2025-11-27T14:44:23.423477,4.7,86.6,10.448013305664062,0.0029296875,0.0048828125
2025-11-27T14:44:24.426564,7.1,86.5,10.443527221679688,0.005859375,0.0126953125
2025-11-27T14:44:25.432444,4.8,86.5,10.441970825195312,0.0556640625,0.107421875
2025-11-27T14:44:26.433359,3.0,86.6,10.4525146484375,0.001953125,0.0048828125
2025-11-27T14:44:27.438686,4.6,86.3,10.402801513671875,0.0224609375,0.0400390625
2025-11-27T14:44:28.441691,5.6,86.4,10.424423217773438,0.0283203125,0.03125
2025-11-27T14:44:29.447199,14.6,86.8,10.474105834960938,0.23828125,0.23828125
2025-11-27T14:44:30.449323,5.8,86.4,10.428237915039062,0.271484375,0.26171875
2025-11-27T14:44:31.454798,15.8,86.6,10.486175537109375,0.0029296875,0.0029296875
2025-11-27T14:44:32.460218,8.5,86.7,10.491012573242188,0.1611328125,0.1591796875
2025-11-27T14:44:33.465559,13.1,86.6,10.470184326171875,0.80859375,0.04296875
2025-11-27T14:44:34.467936,3.7,86.4,10.44757080078125,0.0029296875,0.0029296875
2025-11-27T14:44:35.473277,2.5,86.5,10.449722290039062,0.001953125,0.001953125
2025-11-27T14:44:36.476416,3.5,86.4,10.427444458007812,0.0048828125,0.0029296875
2025-11-27T14:44:37.481750,2.9,86.4,10.443328857421875,0.0029296875,0.00390625
2025-11-27T14:44:38.486074,10.3,86.7,10.491378784179688,0.2646484375,0.2666015625
2025-11-27T14:44:39.486715,7.3,86.7,10.506805419921875,0.146484375,0.1435546875
2025-11-27T14:44:40.492609,26.8,86.4,10.454635620117188,2.4443359375,1.55859375
2025-11-27T14:44:41.497673,2.0,86.2,10.43231201171875,0.078125,0.0146484375
2025-11-27T14:44:42.502955,2.7,86.0,10.392974853515625,0.009765625,0.0126953125
2025-11-27T14:44:43.506028,4.1,85.9,10.39239501953125,0.00390625,0.0078125
2025-11-27T14:44:44.508160,3.9,86.7,10.50408935546875,0.4423828125,0.021484375
2025-11-27T14:44:45.513801,6.2,86.6,10.473114013671875,0.1337890625,0.1435546875
2025-11-27T14:44:46.519212,21.7,86.7,10.493438720703125,1.09765625,1.10546875
2025-11-27T14:44:47.520762,21.8,86.9,10.470138549804688,0.6875,0.171875
2025-11-27T14:44:48.526284,8.4,86.4,10.38427734375,0.1494140625,0.154296875
2025-11-27T14:44:49.531832,4.6,86.6,10.4111328125,0.005859375,0.00390625
2025-11-27T14:44:50.535884,7.2,86.6,10.457366943359375,0.474609375,0.0146484375
2025-11-27T14:44:51.541356,2.2,86.6,10.462173461914062,0.001953125,0.00390625
2025-11-27T14:44:52.546842,4.5,86.6,10.458816528320312,0.0029296875,0.0029296875
2025-11-27T14:44:53.547484,14.2,86.7,10.466064453125,0.1318359375,0.14453125
2025-11-27T14:44:54.548312,4.2,86.6,10.470504760742188,0.0029296875,0.001953125
2025-11-27T14:44:55.553803,4.0,86.5,10.47711181640625,0.00390625,0.00390625
2025-11-27T14:44:56.559079,6.3,86.6,10.475448608398438,0.0107421875,0.0068359375
2025-11-27T14:44:57.562466,36.8,87.1,10.47637939453125,1.560546875,1.9130859375
2025-11-27T14:44:58.567874,24.0,87.0,10.421676635742188,0.86328125,0.33984375
2025-11-27T14:44:59.569737,3.5,86.7,10.393402099609375,0.0107421875,0.00390625
2025-11-27T14:45:00.575021,4.9,86.8,10.371109008789062,0.0029296875,0.0029296875
2025-11-27T14:45:01.575753,4.0,86.9,10.363311767578125,0.490234375,0.0166015625
2025-11-27T14:45:02.581214,13.0,87.2,10.393478393554688,1.1513671875,1.109375
2025-11-27T14:45:03.583604,7.5,86.9,10.430984497070312,0.5078125,0.0224609375
2025-11-27T14:45:04.588988,3.5,86.6,10.384246826171875,0.001953125,0.0029296875
2025-11-27T14:45:05.594576,6.0,86.3,10.37164306640625,0.001953125,0.00390625
2025-11-27T14:45:06.600008,7.6,86.4,10.394760131835938,0.001953125,0.001953125
2025-11-27T14:45:07.601890,6.7,86.5,10.4205322265625,0.564453125,0.1611328125
2025-11-27T14:45:08.605588,6.4,86.7,10.450653076171875,0.001953125,0.001953125
2025-11-27T14:45:09.610919,3.6,86.7,10.454681396484375,0.0029296875,0.005859375
2025-11-27T14:45:10.616316,7.4,86.8,10.46466064453125,0.974609375,0.9794921875
2025-11-27T14:45:11.618566,12.8,87.0,10.462890625,0.0029296875,0.015625
2025-11-27T14:45:12.624004,6.2,86.5,10.394027709960938,0.001953125,0.001953125
2025-11-27T14:45:13.629510,6.3,86.5,10.420639038085938,0.4365234375,0.015625
2025-11-27T14:45:14.635428,2.7,86.6,10.407470703125,0.005859375,0.005859375
2025-11-27T14:45:15.640750,8.3,86.4,10.396743774414062,0.005859375,0.0205078125
2025-11-27T14:45:16.646165,3.8,86.5,10.404556274414062,0.001953125,0.001953125
2025-11-27T14:45:17.648279,1.8,86.5,10.408340454101562,0.001953125,0.0029296875
2025-11-27T14:45:18.653639,5.5,86.5,10.415817260742188,0.021484375,0.0419921875
2025-11-27T14:45:19.659045,6.3,86.2,10.44818115234375,0.00390625,0.00390625
2025-11-27T14:45:20.664400,2.3,86.3,10.445693969726562,0.0068359375,0.001953125
2025-11-27T14:45:21.670482,2.1,86.3,10.45086669921875,0.001953125,0.001953125
2025-11-27T14:45:22.675969,7.0,86.2,10.380325317382812,0.00390625,0.03125
2025-11-27T14:45:23.677070,7.0,86.1,10.388748168945312,0.001953125,0.015625
2025-11-27T14:45:24.682304,7.4,86.0,10.363784790039062,0.0029296875,0.017578125
2025-11-27T14:45:25.687735,3.6,85.6,10.32598876953125,0.0078125,0.009765625
2025-11-27T14:45:26.693115,3.1,86.3,10.437210083007812,0.0029296875,0.0185546875
2025-11-27T14:45:27.693699,18.8,86.7,10.44097900390625,0.0244140625,0.0400390625
2025-11-27T14:45:28.699986,6.0,86.0,10.363510131835938,0.009765625,0.0078125
2025-11-27T14:45:29.700558,8.4,86.6,10.412979125976562,0.0068359375,0.025390625
2025-11-27T14:45:30.705889,7.0,86.6,10.408035278320312,0.0029296875,0.001953125
2025-11-27T14:45:31.711268,4.0,86.0,10.32763671875,0.0078125,0.00390625
2025-11-27T14:45:32.716767,7.5,86.5,10.405776977539062,0.001953125,0.001953125
2025-11-27T14:45:33.717789,5.1,86.5,10.403549194335938,0.0029296875,0.015625
2025-11-27T14:45:34.723209,5.7,86.1,10.330062866210938,0.00390625,0.0166015625
2025-11-27T14:45:35.725176,5.7,86.7,10.434036254882812,0.0029296875,0.015625
2025-11-27T14:45:36.730830,5.4,86.5,10.414306640625,0.001953125,0.013671875
2025-11-27T14:45:37.737004,6.2,86.4,10.394317626953125,0.0029296875,0.0166015625
2025-11-27T14:45:38.739701,5.4,86.4,10.402099609375,0.00390625,0.0283203125
2025-11-27T14:45:39.745432,11.0,87.0,10.451995849609375,0.267578125,0.2841796875
2025-11-27T14:45:40.752494,39.5,87.0,10.43157958984375,0.4599609375,0.451171875
2025-11-27T14:45:41.754757,5.9,87.0,10.393661499023438,0.5146484375,0.0498046875
2025-11-27T14:45:42.760480,5.0,86.8,10.396209716796875,0.0078125,0.0185546875
2025-11-27T14:45:43.765941,7.3,86.8,10.376190185546875,0.0029296875,0.015625
2025-11-27T14:45:44.766739,7.8,86.9,10.333755493164062,0.013671875,0.0166015625
2025-11-27T14:45:45.768588,5.4,86.9,10.351806640625,0.001953125,0.001953125
2025-11-27T14:45:46.774486,3.2,86.7,10.322967529296875,0.00390625,0.0048828125
2025-11-27T14:45:47.779883,2.6,86.8,10.342742919921875,0.0009765625,0.0009765625
2025-11-27T14:45:48.782907,2.8,86.8,10.345962524414062,0.0029296875,0.0029296875
2025-11-27T14:45:49.784939,3.5,86.3,10.239913940429688,0.001953125,0.001953125
2025-11-27T14:45:50.789291,5.7,87.0,10.363540649414062,0.001953125,0.0029296875
2025-11-27T14:45:51.794519,2.0,86.5,10.281341552734375,0.001953125,0.001953125
2025-11-27T14:45:52.797368,3.5,86.3,10.241409301757812,0.001953125,0.001953125
2025-11-27T14:45:53.801717,3.9,86.7,10.332199096679688,0.00390625,0.005859375
2025-11-27T14:45:54.802639,7.1,87.0,10.365325927734375,0.0029296875,0.0048828125
2025-11-27T14:45:55.808000,9.1,86.8,10.302749633789062,0.00390625,0.00390625
2025-11-27T14:45:56.812304,4.9,87.2,10.379425048828125,0.009765625,0.0078125
2025-11-27T14:45:57.812726,2.0,87.1,10.371780395507812,0.037109375,0.0634765625
2025-11-27T14:45:58.814163,3.8,86.9,10.325439453125,0.00390625,0.00390625
2025-11-27T14:45:59.819689,4.4,86.9,10.345138549804688,0.00390625,0.0029296875
2025-11-27T14:46:00.824981,2.3,87.0,10.341583251953125,0.001953125,0.0029296875
2025-11-27T14:46:01.827632,3.5,87.0,10.323684692382812,0.0029296875,0.0029296875
2025-11-27T14:46:02.828982,7.2,87.0,10.332672119140625,0.001953125,0.001953125
2025-11-27T14:46:03.832633,6.2,86.8,10.316085815429688,0.001953125,0.001953125
2025-11-27T14:46:04.834692,3.8,86.8,10.313217163085938,0.0029296875,0.0029296875
2025-11-27T14:46:05.838339,8.5,87.1,10.385238647460938,0.1328125,0.1337890625
2025-11-27T14:46:06.840141,1.9,87.0,10.36724853515625,0.001953125,0.001953125
2025-11-27T14:46:07.843238,11.5,86.9,10.255874633789062,0.1337890625,0.134765625
2025-11-27T14:46:08.845641,3.8,86.8,10.319793701171875,0.001953125,0.00390625
2025-11-27T14:46:09.851189,1.9,86.9,10.329193115234375,0.0029296875,0.005859375
2025-11-27T14:46:10.856634,3.5,86.9,10.33856201171875,0.0029296875,0.0029296875
2025-11-27T14:46:11.862041,3.4,86.9,10.340774536132812,0.001953125,0.0029296875
2025-11-27T14:46:12.863929,5.1,87.0,10.353683471679688,0.1376953125,0.1396484375
2025-11-27T14:46:13.865523,3.9,86.6,10.2999267578125,0.00390625,0.0029296875
2025-11-27T14:46:14.867557,5.4,86.6,10.30596923828125,0.01171875,0.0068359375
2025-11-27T14:46:15.871823,19.2,86.9,10.414260864257812,1.599609375,1.14453125
2025-11-27T14:46:16.876374,5.2,86.0,10.193313598632812,1.4345703125,0.0439453125
2025-11-27T14:46:17.877369,3.4,86.0,10.266433715820312,0.0205078125,0.0087890625
2025-11-27T14:46:18.878733,3.2,85.9,10.333587646484375,0.0146484375,0.0380859375
2025-11-27T14:46:19.882363,3.3,86.0,10.349151611328125,0.46875,0.017578125
2025-11-27T14:46:20.884430,2.9,86.0,10.350509643554688,0.0029296875,0.0029296875
2025-11-27T14:46:21.888800,1.1,86.0,10.352325439453125,0.001953125,0.001953125
2025-11-27T14:46:22.894103,2.9,86.0,10.35479736328125,0.0029296875,0.0029296875
2025-11-27T14:46:23.894808,3.0,86.0,10.357345581054688,0.001953125,0.001953125
2025-11-27T14:46:24.900314,1.1,86.0,10.360443115234375,0.001953125,0.001953125
2025-11-27T14:46:25.904013,3.9,85.4,10.278182983398438,0.0087890625,0.0107421875
2025-11-27T14:46:26.909370,2.9,85.4,10.2767333984375,0.0029296875,0.0029296875
2025-11-27T14:46:27.910515,1.1,85.4,10.286422729492188,0.0224609375,0.0380859375
2025-11-27T14:46:28.913839,5.6,86.0,10.376419067382812,0.0029296875,0.0029296875
2025-11-27T14:46:29.917792,4.9,85.9,10.377761840820312,0.0029296875,0.00390625
2025-11-27T14:46:30.923343,2.5,85.9,10.369338989257812,0.001953125,0.001953125
2025-11-27T14:46:31.928273,6.3,85.9,10.384750366210938,0.001953125,0.001953125
2025-11-27T14:46:32.932212,4.8,85.9,10.388427734375,0.001953125,0.0029296875
2025-11-27T14:46:33.937503,1.6,85.9,10.385894775390625,0.0029296875,0.001953125
2025-11-27T14:46:34.942766,2.9,85.9,10.386550903320312,0.0029296875,0.001953125
2025-11-27T14:46:35.948101,3.1,85.9,10.387344360351562,0.001953125,0.001953125
2025-11-27T14:46:36.953535,1.4,85.9,10.388519287109375,0.00390625,0.0029296875
2025-11-27T14:46:37.958824,2.6,85.8,10.367843627929688,0.001953125,0.001953125
2025-11-27T14:46:38.964189,3.6,86.0,10.394195556640625,0.001953125,0.001953125
2025-11-27T14:46:39.966141,1.6,86.0,10.394729614257812,0.00390625,0.0068359375
2025-11-27T14:46:40.968203,7.2,85.9,10.372467041015625,0.0029296875,0.001953125
2025-11-27T14:46:41.968793,3.0,85.9,10.389739990234375,0.001953125,0.0029296875
2025-11-27T14:46:42.974133,2.3,86.0,10.398086547851562,0.0029296875,0.0029296875
2025-11-27T14:46:43.975205,2.4,86.0,10.391860961914062,0.001953125,0.001953125
2025-11-27T14:46:44.978256,6.4,86.4,10.432723999023438,0.001953125,0.001953125
2025-11-27T14:46:45.983847,2.4,86.1,10.379241943359375,0.001953125,0.0029296875
2025-11-27T14:46:46.989492,2.7,85.5,10.286209106445312,0.0029296875,0.001953125
2025-11-27T14:46:47.994921,3.8,85.6,10.294754028320312,0.0029296875,0.0029296875
2025-11-27T14:46:48.995603,3.4,86.1,10.381195068359375,0.0009765625,0.0009765625
2025-11-27T14:46:50.000851,7.1,86.2,10.396484375,0.001953125,0.00390625
2025-11-27T14:46:51.006946,5.0,85.9,10.344955444335938,0.0126953125,0.009765625
2025-11-27T14:46:52.011835,4.5,86.7,10.462020874023438,0.001953125,0.001953125
2025-11-27T14:46:53.017110,6.2,86.6,10.437728881835938,0.0048828125,0.0048828125
2025-11-27T14:46:54.019565,3.9,86.3,10.389572143554688,0.001953125,0.001953125
2025-11-27T14:46:55.020153,3.3,86.1,10.354995727539062,0.001953125,0.001953125
2025-11-27T14:46:56.025437,1.9,86.1,10.348480224609375,0.0029296875,0.001953125
2025-11-27T14:46:57.026775,7.1,86.0,10.36053466796875,0.03125,0.0986328125
2025-11-27T14:46:58.032538,3.1,86.0,10.366989135742188,0.0185546875,0.03125
2025-11-27T14:46:59.034948,2.8,85.9,10.343856811523438,0.00390625,0.0048828125
2025-11-27T14:47:00.038174,3.2,85.8,10.344528198242188,0.00390625,0.001953125
2025-11-27T14:47:01.041738,3.2,86.0,10.37469482421875,0.001953125,0.0029296875
2025-11-27T14:47:02.047179,1.6,85.9,10.3564453125,0.001953125,0.001953125
2025-11-27T14:47:03.048804,3.3,85.9,10.352554321289062,0.0029296875,0.0029296875
2025-11-27T14:47:04.050519,2.9,86.1,10.37896728515625,0.001953125,0.001953125
2025-11-27T14:47:05.055851,1.2,85.9,10.355087280273438,0.001953125,0.0029296875
2025-11-27T14:47:06.061276,3.0,85.9,10.353805541992188,0.001953125,0.001953125
2025-11-27T14:47:07.063055,3.1,86.1,10.381301879882812,0.001953125,0.001953125
2025-11-27T14:47:08.065462,1.4,85.9,10.356887817382812,0.0029296875,0.001953125
2025-11-27T14:47:09.066704,3.0,85.9,10.355514526367188,0.001953125,0.001953125
2025-11-27T14:47:10.072073,3.6,86.0,10.38275146484375,0.001953125,0.005859375
2025-11-27T14:47:11.077728,2.6,85.9,10.366989135742188,0.001953125,0.00390625
2025-11-27T14:47:12.079647,3.5,85.5,10.292236328125,0.00390625,0.00390625
2025-11-27T14:47:13.085117,3.0,85.5,10.291519165039062,0.0029296875,0.001953125
2025-11-27T14:47:14.090552,4.5,85.9,10.357040405273438,0.001953125,0.0029296875
2025-11-27T14:47:15.097270,21.8,86.2,10.3863525390625,0.2060546875,0.1552734375
2025-11-27T14:47:16.103274,10.0,86.5,10.443099975585938,0.0498046875,0.05078125
2025-11-27T14:47:17.108633,4.4,86.4,10.431838989257812,0.0625,0.05078125
2025-11-27T14:47:18.109953,9.6,86.8,10.45086669921875,0.001953125,0.001953125
2025-11-27T14:47:19.115455,10.8,86.9,10.46197509765625,0.0146484375,0.0380859375
2025-11-27T14:47:20.120831,3.6,86.7,10.441131591796875,0.0498046875,0.0498046875
2025-11-27T14:47:21.126505,5.2,86.3,10.381515502929688,0.001953125,0.001953125
2025-11-27T14:47:22.127695,4.9,86.3,10.373992919921875,0.001953125,0.001953125
2025-11-27T14:47:23.131341,2.0,86.8,10.365447998046875,0.001953125,0.001953125
2025-11-27T14:47:24.133412,13.2,86.2,10.357223510742188,0.001953125,0.001953125
2025-11-27T14:47:25.136723,6.6,86.9,10.438201904296875,0.005859375,0.0078125
2025-11-27T14:47:26.138048,5.1,87.0,10.43896484375,0.0029296875,0.00390625
2025-11-27T14:47:27.143514,5.2,87.0,10.40350341796875,0.056640625,0.0576171875
2025-11-27T14:47:28.144348,3.3,86.6,10.309677124023438,0.0224609375,0.0361328125
2025-11-27T14:47:29.149650,7.0,86.8,10.378189086914062,0.001953125,0.0029296875
2025-11-27T14:47:30.151650,5.2,86.7,10.366073608398438,0.048828125,0.048828125
2025-11-27T14:47:31.153275,5.4,86.9,10.399932861328125,0.0087890625,0.0107421875
2025-11-27T14:47:32.158623,2.8,86.9,10.400360107421875,0.001953125,0.001953125
2025-11-27T14:47:33.159479,5.5,86.9,10.404510498046875,0.05078125,0.0517578125
2025-11-27T14:47:34.163142,11.4,87.1,10.430130004882812,0.0009765625,0.0009765625
2025-11-27T14:47:35.165007,10.8,87.3,10.437469482421875,0.001953125,0.001953125
2025-11-27T14:47:36.169510,13.7,86.8,10.352264404296875,0.0498046875,0.0498046875
2025-11-27T14:47:37.170715,8.6,87.4,10.383026123046875,0.048828125,0.048828125
2025-11-27T14:47:38.171736,7.6,87.0,10.37548828125,0.001953125,0.001953125
2025-11-27T14:47:39.177242,4.6,86.6,10.308914184570312,0.005859375,0.00390625
2025-11-27T14:47:40.181045,1.8,86.3,10.268569946289062,0.001953125,0.005859375
2025-11-27T14:47:41.183116,4.0,86.4,10.269088745117188,0.001953125,0.001953125
